{
    "key": "group_5e89dc3215823",
    "title": "Post",
    "fields": [
        {
            "key": "field_5e89dc89cc866",
            "label": "Sidebar Status",
            "name": "sidebar_status",
            "type": "true_false",
            "instructions": "",
            "required": 0,
            "conditional_logic": 0,
            "wrapper": {
                "width": "",
                "class": "",
                "id": ""
            },
            "message": "",
            "default_value": 1,
            "ui": 1,
            "ui_on_text": "Enable",
            "ui_off_text": "Disable"
        },
        {
            "key": "field_5e89dcbacc867",
            "label": "Sidebar Position",
            "name": "sidebar_position",
            "type": "select",
            "instructions": "",
            "required": 0,
            "conditional_logic": [
                [
                    {
                        "field": "field_5e89dc89cc866",
                        "operator": "==",
                        "value": "1"
                    }
                ]
            ],
            "wrapper": {
                "width": "",
                "class": "",
                "id": ""
            },
            "choices": {
                "pull-left": "Left",
                "pull-right": "Right"
            },
            "default_value": [
                "pull-right"
            ],
            "allow_null": 0,
            "multiple": 0,
            "ui": 0,
            "return_format": "value",
            "ajax": 0,
            "placeholder": ""
        },
        {
            "key": "field_5e89f22c4b822",
            "label": "Post Format",
            "name": "post_format",
            "type": "select",
            "instructions": "",
            "required": 0,
            "conditional_logic": 0,
            "wrapper": {
                "width": "",
                "class": "",
                "id": ""
            },
            "choices": {
                "image": "Image",
                "gallery": "Image Slider",
                "youtube-video": "Youtube Video",
                "vimeo-video": "Vimeo Video",
                "soundcloud-audio": "Audio"
            },
            "default_value": [],
            "allow_null": 0,
            "multiple": 0,
            "ui": 0,
            "return_format": "value",
            "ajax": 0,
            "placeholder": ""
        },
        {
            "key": "field_5e89f2e998621",
            "label": "Add Image Gallery",
            "name": "add_image_gallery",
            "type": "gallery",
            "instructions": "",
            "required": 0,
            "conditional_logic": [
                [
                    {
                        "field": "field_5e89f22c4b822",
                        "operator": "==",
                        "value": "gallery"
                    }
                ]
            ],
            "wrapper": {
                "width": "",
                "class": "",
                "id": ""
            },
            "return_format": "url",
            "preview_size": "medium",
            "insert": "append",
            "library": "all",
            "min": "",
            "max": "",
            "min_width": "",
            "min_height": "",
            "min_size": "",
            "max_width": "",
            "max_height": "",
            "max_size": "",
            "mime_types": ""
        },
        {
            "key": "field_5e89f33898622",
            "label": "Add Youtube Video Url",
            "name": "add_youtube_video_url",
            "type": "url",
            "instructions": "",
            "required": 0,
            "conditional_logic": [
                [
                    {
                        "field": "field_5e89f22c4b822",
                        "operator": "==",
                        "value": "youtube-video"
                    }
                ]
            ],
            "wrapper": {
                "width": "",
                "class": "",
                "id": ""
            },
            "default_value": "",
            "placeholder": ""
        },
        {
            "key": "field_5e89f36098623",
            "label": "Add Vimeo Video Url",
            "name": "add_vimeo_video_url",
            "type": "url",
            "instructions": "",
            "required": 0,
            "conditional_logic": [
                [
                    {
                        "field": "field_5e89f22c4b822",
                        "operator": "==",
                        "value": "vimeo-video"
                    }
                ]
            ],
            "wrapper": {
                "width": "",
                "class": "",
                "id": ""
            },
            "default_value": "",
            "placeholder": ""
        },
        {
            "key": "field_5e89f3a27d700",
            "label": "Audio Soundcloud Embed Code",
            "name": "audio_soundcloud_embed_code",
            "type": "textarea",
            "instructions": "",
            "required": 0,
            "conditional_logic": [
                [
                    {
                        "field": "field_5e89f22c4b822",
                        "operator": "==",
                        "value": "soundcloud-audio"
                    }
                ]
            ],
            "wrapper": {
                "width": "",
                "class": "",
                "id": ""
            },
            "default_value": "",
            "placeholder": "",
            "maxlength": "",
            "rows": "",
            "new_lines": ""
        }
    ],
    "location": [
        [
            {
                "param": "post_type",
                "operator": "==",
                "value": "post"
            }
        ]
    ],
    "menu_order": 0,
    "position": "normal",
    "style": "default",
    "label_placement": "top",
    "instruction_placement": "label",
    "hide_on_screen": "",
    "active": 1,
    "description": "",
    "modified": 1586099262
}