{
    "key": "group_5e7ce0cc07365",
    "title": "Page Options",
    "fields": [
        {
            "key": "field_5e7ce0eb5ff8d",
            "label": "Sub Header Status",
            "name": "sub_header_status",
            "type": "true_false",
            "instructions": "",
            "required": 0,
            "conditional_logic": 0,
            "wrapper": {
                "width": "",
                "class": "",
                "id": ""
            },
            "message": "",
            "default_value": 1,
            "ui": 1,
            "ui_on_text": "Enable",
            "ui_off_text": "Disable"
        },
        {
            "key": "field_5e7ce180bacba",
            "label": "Sub Header Background Image",
            "name": "sub_header_background_image",
            "type": "image",
            "instructions": "You can upload Sub Header background image for this page from here",
            "required": 0,
            "conditional_logic": [
                [
                    {
                        "field": "field_5e7ce0eb5ff8d",
                        "operator": "==",
                        "value": "1"
                    }
                ]
            ],
            "wrapper": {
                "width": "",
                "class": "",
                "id": ""
            },
            "return_format": "url",
            "preview_size": "medium",
            "library": "all",
            "min_width": "",
            "min_height": "",
            "min_size": "",
            "max_width": "",
            "max_height": "",
            "max_size": "",
            "mime_types": ""
        }
    ],
    "location": [
        [
            {
                "param": "post_type",
                "operator": "==",
                "value": "page"
            }
        ]
    ],
    "menu_order": 0,
    "position": "normal",
    "style": "default",
    "label_placement": "top",
    "instruction_placement": "label",
    "hide_on_screen": "",
    "active": 1,
    "description": "",
    "modified": 1585242564
}