{
    "key": "group_5e7a4f154f041",
    "title": "Api Settings",
    "fields": [
        {
            "key": "field_5e7a4f1d8fcbc",
            "label": "MailChimp",
            "name": "",
            "type": "tab",
            "instructions": "",
            "required": 0,
            "conditional_logic": 0,
            "wrapper": {
                "width": "",
                "class": "",
                "id": ""
            },
            "placement": "top",
            "endpoint": 0
        },
        {
            "key": "field_5e7a4f978fcbd",
            "label": "MailChimp Api",
            "name": "mailchimp_api",
            "type": "text",
            "instructions": "Enter your MailChimp Key Here.",
            "required": 0,
            "conditional_logic": 0,
            "wrapper": {
                "width": "",
                "class": "",
                "id": ""
            },
            "default_value": "",
            "placeholder": "",
            "prepend": "",
            "append": "",
            "maxlength": ""
        },
        {
            "key": "field_5e7a4fac8fcbe",
            "label": "MailChimp List ID",
            "name": "mailchimp_list_id",
            "type": "text",
            "instructions": "Enter your MailChimp List Id Here.",
            "required": 0,
            "conditional_logic": 0,
            "wrapper": {
                "width": "",
                "class": "",
                "id": ""
            },
            "default_value": "",
            "placeholder": "",
            "prepend": "",
            "append": "",
            "maxlength": ""
        },
        {
            "key": "field_5e7a4fca8fcbf",
            "label": "Google",
            "name": "",
            "type": "tab",
            "instructions": "",
            "required": 0,
            "conditional_logic": 0,
            "wrapper": {
                "width": "",
                "class": "",
                "id": ""
            },
            "placement": "top",
            "endpoint": 0
        },
        {
            "key": "field_5e7a4fd28fcc0",
            "label": "Google Map Key",
            "name": "google_map_key",
            "type": "text",
            "instructions": "Enter google map key here. It will be used for google maps. Get and Api key From <a href=\"https:\/\/developers.google.com\/maps\/documentation\/javascript\/get-api-key\" target=\"_blank\"> Get API KEY <\/a>",
            "required": 0,
            "conditional_logic": 0,
            "wrapper": {
                "width": "",
                "class": "",
                "id": ""
            },
            "default_value": "",
            "placeholder": "",
            "prepend": "",
            "append": "",
            "maxlength": ""
        }
    ],
    "location": [
        [
            {
                "param": "options_page",
                "operator": "==",
                "value": "theme-general-Options"
            }
        ]
    ],
    "menu_order": 5,
    "position": "normal",
    "style": "default",
    "label_placement": "top",
    "instruction_placement": "label",
    "hide_on_screen": "",
    "active": 1,
    "description": "",
    "modified": 1585076542
}