{
    "key": "group_5e7a29edb082c",
    "title": "General Options",
    "fields": [
        {
            "key": "field_5e7a2c6244ed9",
            "label": "Logo Setting",
            "name": "",
            "type": "tab",
            "instructions": "",
            "required": 0,
            "conditional_logic": 0,
            "wrapper": {
                "width": "",
                "class": "",
                "id": ""
            },
            "placement": "top",
            "endpoint": 0
        },
        {
            "key": "field_5e7a3b0d85994",
            "label": "Logo",
            "name": "logo",
            "type": "image",
            "instructions": "Upload logo image from here.",
            "required": 0,
            "conditional_logic": 0,
            "wrapper": {
                "width": "",
                "class": "",
                "id": ""
            },
            "return_format": "url",
            "preview_size": "medium",
            "library": "all",
            "min_width": "",
            "min_height": "",
            "min_size": "",
            "max_width": "",
            "max_height": "",
            "max_size": "",
            "mime_types": ""
        },
        {
            "key": "field_5e7a3b5485995",
            "label": "Favicon",
            "name": "favicon",
            "type": "image",
            "instructions": "Upload favicon image from here.",
            "required": 0,
            "conditional_logic": 0,
            "wrapper": {
                "width": "",
                "class": "",
                "id": ""
            },
            "return_format": "url",
            "preview_size": "medium",
            "library": "all",
            "min_width": "",
            "min_height": "",
            "min_size": "",
            "max_width": "",
            "max_height": "",
            "max_size": "",
            "mime_types": ""
        },
        {
            "key": "field_5e7a3b9a85996",
            "label": "Logo Width",
            "name": "logo_width",
            "type": "range",
            "instructions": "",
            "required": 0,
            "conditional_logic": 0,
            "wrapper": {
                "width": "",
                "class": "",
                "id": ""
            },
            "default_value": "",
            "min": 0,
            "max": 500,
            "step": "",
            "prepend": "",
            "append": ""
        },
        {
            "key": "field_5e7a3bd985999",
            "label": "Logo Height",
            "name": "logo_height",
            "type": "range",
            "instructions": "",
            "required": 0,
            "conditional_logic": 0,
            "wrapper": {
                "width": "",
                "class": "",
                "id": ""
            },
            "default_value": "",
            "min": 0,
            "max": 500,
            "step": "",
            "prepend": "",
            "append": ""
        },
        {
            "key": "field_5e7a3bd785998",
            "label": "Logo Top Margin",
            "name": "logo_top_margin",
            "type": "range",
            "instructions": "",
            "required": 0,
            "conditional_logic": 0,
            "wrapper": {
                "width": "",
                "class": "",
                "id": ""
            },
            "default_value": "",
            "min": 0,
            "max": 500,
            "step": "",
            "prepend": "",
            "append": ""
        },
        {
            "key": "field_5e7a3bd585997",
            "label": "Logo Bottom Margin",
            "name": "logo_bottom_margin",
            "type": "range",
            "instructions": "",
            "required": 0,
            "conditional_logic": 0,
            "wrapper": {
                "width": "",
                "class": "",
                "id": ""
            },
            "default_value": "",
            "min": 0,
            "max": 500,
            "step": "",
            "prepend": "",
            "append": ""
        },
        {
            "key": "field_5e7a3cbad3af1",
            "label": "Header Setting",
            "name": "",
            "type": "tab",
            "instructions": "",
            "required": 0,
            "conditional_logic": 0,
            "wrapper": {
                "width": "",
                "class": "",
                "id": ""
            },
            "placement": "top",
            "endpoint": 0
        },
        {
            "key": "field_5e7a3cf8d3af2",
            "label": "Select Header Style",
            "name": "select_header_style",
            "type": "select",
            "instructions": "",
            "required": 0,
            "conditional_logic": 0,
            "wrapper": {
                "width": "",
                "class": "",
                "id": ""
            },
            "choices": {
                "header-1": "Header Style 1"
            },
            "default_value": false,
            "allow_null": 1,
            "multiple": 0,
            "ui": 0,
            "return_format": "value",
            "ajax": 0,
            "placeholder": ""
        },
        {
            "key": "field_5e7a3fb33b9a2",
            "label": "Contact Number",
            "name": "contact_number",
            "type": "text",
            "instructions": "You can Enter contact Number from here.",
            "required": 0,
            "conditional_logic": 0,
            "wrapper": {
                "width": "",
                "class": "",
                "id": ""
            },
            "default_value": "",
            "placeholder": "",
            "prepend": "",
            "append": "",
            "maxlength": ""
        },
        {
            "key": "field_5e7a46ebe767e",
            "label": "Search",
            "name": "search",
            "type": "true_false",
            "instructions": "You can Enable\/Disable Search from here.",
            "required": 0,
            "conditional_logic": 0,
            "wrapper": {
                "width": "",
                "class": "",
                "id": ""
            },
            "message": "",
            "default_value": 0,
            "ui": 1,
            "ui_on_text": "Enable",
            "ui_off_text": "Disable"
        },
        {
            "key": "field_5e7a4766866f2",
            "label": "Footer Settings",
            "name": "",
            "type": "tab",
            "instructions": "",
            "required": 0,
            "conditional_logic": 0,
            "wrapper": {
                "width": "",
                "class": "",
                "id": ""
            },
            "placement": "top",
            "endpoint": 0
        },
        {
            "key": "field_5e7a4774866f3",
            "label": "Select Footer Style",
            "name": "select_footer_style",
            "type": "select",
            "instructions": "",
            "required": 0,
            "conditional_logic": 0,
            "wrapper": {
                "width": "",
                "class": "",
                "id": ""
            },
            "choices": {
                "footer-1": "Footer Style 1"
            },
            "default_value": false,
            "allow_null": 1,
            "multiple": 0,
            "ui": 0,
            "return_format": "value",
            "ajax": 0,
            "placeholder": ""
        },
        {
            "key": "field_5e7a481d866f4",
            "label": "Footer Column Layout",
            "name": "footer_column_layout",
            "type": "select",
            "instructions": "",
            "required": 0,
            "conditional_logic": 0,
            "wrapper": {
                "width": "",
                "class": "",
                "id": ""
            },
            "choices": {
                "col-lg-4": "3 Columns",
                "col-lg-3": "4 Columns"
            },
            "default_value": false,
            "allow_null": 1,
            "multiple": 0,
            "ui": 0,
            "return_format": "value",
            "ajax": 0,
            "placeholder": ""
        },
        {
            "key": "field_5e7a4890866f5",
            "label": "Copyright Text",
            "name": "copyright_text",
            "type": "textarea",
            "instructions": "You can enter Copyright text from here",
            "required": 0,
            "conditional_logic": 0,
            "wrapper": {
                "width": "",
                "class": "",
                "id": ""
            },
            "default_value": "",
            "placeholder": "",
            "maxlength": "",
            "rows": "",
            "new_lines": ""
        },
        {
            "key": "field_5e8c13b39747e",
            "label": "Footer Logo",
            "name": "footer_logo",
            "type": "image",
            "instructions": "You can upload footer logo from here",
            "required": 0,
            "conditional_logic": 0,
            "wrapper": {
                "width": "",
                "class": "",
                "id": ""
            },
            "return_format": "url",
            "preview_size": "medium",
            "library": "all",
            "min_width": "",
            "min_height": "",
            "min_size": "",
            "max_width": "",
            "max_height": "",
            "max_size": "",
            "mime_types": ""
        },
        {
            "key": "field_5e7a48f3866f6",
            "label": "Sub Header Settings",
            "name": "",
            "type": "tab",
            "instructions": "",
            "required": 0,
            "conditional_logic": 0,
            "wrapper": {
                "width": "",
                "class": "",
                "id": ""
            },
            "placement": "top",
            "endpoint": 0
        },
        {
            "key": "field_5e7a4904866f7",
            "label": "Default Page Subheader Background Image",
            "name": "default_page_subheader_background_image",
            "type": "image",
            "instructions": "Upload Default Page Subheader Background Image from here.",
            "required": 0,
            "conditional_logic": 0,
            "wrapper": {
                "width": "",
                "class": "",
                "id": ""
            },
            "return_format": "url",
            "preview_size": "medium",
            "library": "all",
            "min_width": "",
            "min_height": "",
            "min_size": "",
            "max_width": "",
            "max_height": "",
            "max_size": "",
            "mime_types": ""
        },
        {
            "key": "field_5e7a4947866fa",
            "label": "Default All Posts Subheader Background Image",
            "name": "default_all_posts_subheader_background_image",
            "type": "image",
            "instructions": "Upload Default All Posts Detail Page Subheader Background Image from here.",
            "required": 0,
            "conditional_logic": 0,
            "wrapper": {
                "width": "",
                "class": "",
                "id": ""
            },
            "return_format": "url",
            "preview_size": "medium",
            "library": "all",
            "min_width": "",
            "min_height": "",
            "min_size": "",
            "max_width": "",
            "max_height": "",
            "max_size": "",
            "mime_types": ""
        },
        {
            "key": "field_5e7a4946866f9",
            "label": "Default Search\/Archive Subheader Background Image",
            "name": "default_searcharchive_subheader_background_image",
            "type": "image",
            "instructions": "Upload Default Search\/Archive Subheader Background Image from here.",
            "required": 0,
            "conditional_logic": 0,
            "wrapper": {
                "width": "",
                "class": "",
                "id": ""
            },
            "return_format": "url",
            "preview_size": "medium",
            "library": "all",
            "min_width": "",
            "min_height": "",
            "min_size": "",
            "max_width": "",
            "max_height": "",
            "max_size": "",
            "mime_types": ""
        },
        {
            "key": "field_5e7a4945866f8",
            "label": "Default 404 Page Subheader Background Image",
            "name": "default_404_page_subheader_background_image",
            "type": "image",
            "instructions": "Upload Default 404 Page Subheader Background Image from here.",
            "required": 0,
            "conditional_logic": 0,
            "wrapper": {
                "width": "",
                "class": "",
                "id": ""
            },
            "return_format": "url",
            "preview_size": "medium",
            "library": "all",
            "min_width": "",
            "min_height": "",
            "min_size": "",
            "max_width": "",
            "max_height": "",
            "max_size": "",
            "mime_types": ""
        }
    ],
    "location": [
        [
            {
                "param": "options_page",
                "operator": "==",
                "value": "theme-general-Options"
            }
        ]
    ],
    "menu_order": 0,
    "position": "normal",
    "style": "default",
    "label_placement": "top",
    "instruction_placement": "label",
    "hide_on_screen": "",
    "active": true,
    "description": "",
    "modified": 1610804093
}