{
    "key": "group_5e7a4cc3223f0",
    "title": "Social Settings",
    "fields": [
        {
            "key": "field_5e7a4d0c2a63f",
            "label": "Social Profiles",
            "name": "",
            "type": "tab",
            "instructions": "",
            "required": 0,
            "conditional_logic": 0,
            "wrapper": {
                "width": "",
                "class": "",
                "id": ""
            },
            "placement": "top",
            "endpoint": 0
        },
        {
            "key": "field_5e7a4d162a640",
            "label": "Facebook Social",
            "name": "facebook_social",
            "type": "url",
            "instructions": "Enter URL of your social profile here.",
            "required": 0,
            "conditional_logic": 0,
            "wrapper": {
                "width": "",
                "class": "",
                "id": ""
            },
            "default_value": "",
            "placeholder": ""
        },
        {
            "key": "field_5e7a4d642a644",
            "label": "Google Social",
            "name": "google_social",
            "type": "url",
            "instructions": "Enter URL of your social profile here.",
            "required": 0,
            "conditional_logic": 0,
            "wrapper": {
                "width": "",
                "class": "",
                "id": ""
            },
            "default_value": "",
            "placeholder": ""
        },
        {
            "key": "field_5e7a4d602a643",
            "label": "Linkedin Social",
            "name": "linkedin_social",
            "type": "url",
            "instructions": "Enter URL of your social profile here.",
            "required": 0,
            "conditional_logic": 0,
            "wrapper": {
                "width": "",
                "class": "",
                "id": ""
            },
            "default_value": "",
            "placeholder": ""
        },
        {
            "key": "field_5e7a4d602a642",
            "label": "Twitter Social",
            "name": "twitter_social",
            "type": "url",
            "instructions": "Enter URL of your social profile here.",
            "required": 0,
            "conditional_logic": 0,
            "wrapper": {
                "width": "",
                "class": "",
                "id": ""
            },
            "default_value": "",
            "placeholder": ""
        },
        {
            "key": "field_5e7a4d5f2a641",
            "label": "Instagram Social",
            "name": "instagram_social",
            "type": "url",
            "instructions": "Enter URL of your social profile here.",
            "required": 0,
            "conditional_logic": 0,
            "wrapper": {
                "width": "",
                "class": "",
                "id": ""
            },
            "default_value": "",
            "placeholder": ""
        },
        {
            "key": "field_5e7a4da62a645",
            "label": "Youtube Social",
            "name": "youtube_social",
            "type": "url",
            "instructions": "Enter URL of your social profile here.",
            "required": 0,
            "conditional_logic": 0,
            "wrapper": {
                "width": "",
                "class": "",
                "id": ""
            },
            "default_value": "",
            "placeholder": ""
        },
        {
            "key": "field_5e7a4db22a646",
            "label": "Social Shares",
            "name": "",
            "type": "tab",
            "instructions": "",
            "required": 0,
            "conditional_logic": 0,
            "wrapper": {
                "width": "",
                "class": "",
                "id": ""
            },
            "placement": "top",
            "endpoint": 0
        },
        {
            "key": "field_5e7a4dd92a647",
            "label": "Enable Social Share",
            "name": "enable_social_share",
            "type": "true_false",
            "instructions": "",
            "required": 0,
            "conditional_logic": 0,
            "wrapper": {
                "width": "",
                "class": "",
                "id": ""
            },
            "message": "",
            "default_value": 0,
            "ui": 1,
            "ui_on_text": "Enable",
            "ui_off_text": "Disable"
        },
        {
            "key": "field_5e7a4dfb2a64d",
            "label": "Facebook",
            "name": "facebook",
            "type": "true_false",
            "instructions": "Enable this option to show the social Icon under post.",
            "required": 0,
            "conditional_logic": [
                [
                    {
                        "field": "field_5e7a4dd92a647",
                        "operator": "==",
                        "value": "1"
                    }
                ]
            ],
            "wrapper": {
                "width": "",
                "class": "",
                "id": ""
            },
            "message": "",
            "default_value": 0,
            "ui": 1,
            "ui_on_text": "Enable",
            "ui_off_text": "Disable"
        },
        {
            "key": "field_5e7a4dfa2a64c",
            "label": "Google Plus",
            "name": "google_plus",
            "type": "true_false",
            "instructions": "Enable this option to show the social Icon under post.",
            "required": 0,
            "conditional_logic": [
                [
                    {
                        "field": "field_5e7a4dd92a647",
                        "operator": "==",
                        "value": "1"
                    }
                ]
            ],
            "wrapper": {
                "width": "",
                "class": "",
                "id": ""
            },
            "message": "",
            "default_value": 0,
            "ui": 1,
            "ui_on_text": "Enable",
            "ui_off_text": "Disable"
        },
        {
            "key": "field_5e7a4dfa2a64b",
            "label": "Linkedin",
            "name": "linkedin",
            "type": "true_false",
            "instructions": "Enable this option to show the social Icon under post.",
            "required": 0,
            "conditional_logic": [
                [
                    {
                        "field": "field_5e7a4dd92a647",
                        "operator": "==",
                        "value": "1"
                    }
                ]
            ],
            "wrapper": {
                "width": "",
                "class": "",
                "id": ""
            },
            "message": "",
            "default_value": 0,
            "ui": 1,
            "ui_on_text": "Enable",
            "ui_off_text": "Disable"
        },
        {
            "key": "field_5e7a4df92a64a",
            "label": "Pinterest",
            "name": "pinterest",
            "type": "true_false",
            "instructions": "Enable this option to show the social Icon under post.",
            "required": 0,
            "conditional_logic": [
                [
                    {
                        "field": "field_5e7a4dd92a647",
                        "operator": "==",
                        "value": "1"
                    }
                ]
            ],
            "wrapper": {
                "width": "",
                "class": "",
                "id": ""
            },
            "message": "",
            "default_value": 0,
            "ui": 1,
            "ui_on_text": "Enable",
            "ui_off_text": "Disable"
        },
        {
            "key": "field_5e7a4df82a649",
            "label": "Twitter",
            "name": "twitter",
            "type": "true_false",
            "instructions": "Enable this option to show the social Icon under post.",
            "required": 0,
            "conditional_logic": [
                [
                    {
                        "field": "field_5e7a4dd92a647",
                        "operator": "==",
                        "value": "1"
                    }
                ]
            ],
            "wrapper": {
                "width": "",
                "class": "",
                "id": ""
            },
            "message": "",
            "default_value": 0,
            "ui": 1,
            "ui_on_text": "Enable",
            "ui_off_text": "Disable"
        }
    ],
    "location": [
        [
            {
                "param": "options_page",
                "operator": "==",
                "value": "theme-general-Options"
            }
        ]
    ],
    "menu_order": 3,
    "position": "normal",
    "style": "default",
    "label_placement": "top",
    "instruction_placement": "label",
    "hide_on_screen": "",
    "active": 1,
    "description": "",
    "modified": 1585076540
}